FileName,SpeakerID,NoiseType,TargetSNR,InputSNR,OutputSNR,SNRImprovement
1272-135031-0000.flac,1272,DKITCHEN,-5,-4.99848151951455,-1.18905610397252,3.80942541554202
1272-135031-0000.flac,1272,DKITCHEN,0,0.00151848048545247,3.74787555981329,3.74635707932784
1272-135031-0000.flac,1272,DKITCHEN,5,5.00151848048546,8.64909792571435,3.6475794452289
1272-135031-0000.flac,1272,DKITCHEN,10,10.0015184804855,13.4907582051092,3.48923972462373
1462-170142-0000.flac,1462,DKITCHEN,-5,-4.99192539294505,-1.48664820364277,3.50527718930228
1462-170142-0000.flac,1462,DKITCHEN,0,0.00807460705494422,3.49065043095547,3.48257582390053
1462-170142-0000.flac,1462,DKITCHEN,5,5.00807460705504,8.45431685470253,3.44624224764749
1462-170142-0000.flac,1462,DKITCHEN,10,10.008074607055,13.4023043131154,3.39422970606038
174-168635-0000.flac,174,DKITCHEN,-5,-4.99898711059445,-1.64627625797898,3.35271085261547
174-168635-0000.flac,174,DKITCHEN,0,0.00101288940546228,3.31906343349277,3.31805054408731
174-168635-0000.flac,174,DKITCHEN,5,5.00101288940551,8.25174057769523,3.25072768828972
174-168635-0000.flac,174,DKITCHEN,10,10.0010128894055,13.1147537524759,3.11374086307042
251-118436-0000.flac,251,DKITCHEN,-5,-4.99614176157536,-1.35174258924987,3.64439917232549
251-118436-0000.flac,251,DKITCHEN,0,0.00385823842464056,3.6236524092913,3.61979417086666
251-118436-0000.flac,251,DKITCHEN,5,5.00385823842464,8.59192423744236,3.58806599901772
251-118436-0000.flac,251,DKITCHEN,10,10.0038582384246,13.5538274440019,3.54996920557726
2803-154320-0000.flac,2803,DKITCHEN,-5,-4.99878777578959,-1.13828382111471,3.86050395467488
2803-154320-0000.flac,2803,DKITCHEN,0,0.00121222421041208,3.81027790701346,3.80906568280305
2803-154320-0000.flac,2803,DKITCHEN,5,5.00121222421041,8.68380432541393,3.68259210120352
2803-154320-0000.flac,2803,DKITCHEN,10,10.0012122242104,13.4940030700714,3.49279084586101
3000-15664-0000.flac,3000,DKITCHEN,-5,-4.98639778029423,-1.5968966438818,3.38950113641243
3000-15664-0000.flac,3000,DKITCHEN,0,0.0136022197058338,3.37775136928366,3.36414914957783
3000-15664-0000.flac,3000,DKITCHEN,5,5.01360221970576,8.33983204278514,3.32622982307937
3000-15664-0000.flac,3000,DKITCHEN,10,10.0136022197057,13.29608950224,3.2824872825343
5694-64038-0000.flac,5694,DKITCHEN,-5,-4.99404083671183,-1.87661289133655,3.11742794537528
5694-64038-0000.flac,5694,DKITCHEN,0,0.00595916328816303,3.08212803140167,3.07616886811351
5694-64038-0000.flac,5694,DKITCHEN,5,5.00595916328812,8.0314831235444,3.02552396025627
5694-64038-0000.flac,5694,DKITCHEN,10,10.0059591632882,12.9727979715143,2.9668388082261
777-126732-0000.flac,777,DKITCHEN,-5,-4.9950070423547,-1.9939978213218,3.0010092210329
777-126732-0000.flac,777,DKITCHEN,0,0.00499295764527831,2.97793721788382,2.97294426023854
777-126732-0000.flac,777,DKITCHEN,5,5.00499295764529,7.94257438938787,2.93758143174258
777-126732-0000.flac,777,DKITCHEN,10,10.0049929576453,12.8822822151893,2.877289257544
84-121550-0000.flac,84,DKITCHEN,-5,-4.99965126932421,-1.05399974235451,3.9456515269697
84-121550-0000.flac,84,DKITCHEN,0,0.000348730675796,3.90401610955992,3.90366737888413
84-121550-0000.flac,84,DKITCHEN,5,5.0003487306758,8.83872373679898,3.83837500612318
84-121550-0000.flac,84,DKITCHEN,10,10.0003487306758,13.7500057315991,3.74965700092333
8842-304647-0000.flac,8842,DKITCHEN,-5,-4.99723420027915,-0.980687603736406,4.01654659654275
8842-304647-0000.flac,8842,DKITCHEN,0,0.00276579972084781,3.99211359458387,3.98934779486303
8842-304647-0000.flac,8842,DKITCHEN,5,5.00276579972085,8.95201153316029,3.94924573343945
8842-304647-0000.flac,8842,DKITCHEN,10,10.0027657997208,13.8968823171236,3.89411651740278
1272-135031-0000.flac,1272,TBUS,-5,-4.99834390707932,-3.54759461079868,1.45074929628064
1272-135031-0000.flac,1272,TBUS,0,0.00165609292068423,1.43245496284257,1.43079886992188
1272-135031-0000.flac,1272,TBUS,5,5.00165609292068,6.4025211585485,1.40086506562782
1272-135031-0000.flac,1272,TBUS,10,10.0016560929207,11.3442821048258,1.34262601190517
1462-170142-0000.flac,1462,TBUS,-5,-4.9641193959381,0.211181552191185,5.17530094812929
1462-170142-0000.flac,1462,TBUS,0,0.0358806040618942,5.17483173676559,5.13895113270369
1462-170142-0000.flac,1462,TBUS,5,5.03588060406187,10.1205233921611,5.08464278809925
1462-170142-0000.flac,1462,TBUS,10,10.0358806040619,15.0411883177241,5.0053077136622
174-168635-0000.flac,174,TBUS,-5,-4.99967099032483,0.155930676577576,5.15560166690241
174-168635-0000.flac,174,TBUS,0,0.000329009675199872,5.08023716890372,5.07990815922852
174-168635-0000.flac,174,TBUS,5,5.00032900967518,9.93558182034765,4.93525281067247
174-168635-0000.flac,174,TBUS,10,10.0003290096752,14.6539129812453,4.65358397157014
251-118436-0000.flac,251,TBUS,-5,-4.99847923511273,0.0938891796910779,5.09236841480381
251-118436-0000.flac,251,TBUS,0,0.00152076488726457,5.02617409784945,5.02465333296219
251-118436-0000.flac,251,TBUS,5,5.00152076488727,9.9470147152344,4.94549395034713
251-118436-0000.flac,251,TBUS,10,10.0015207648873,14.8457987154625,4.84427795057522
2803-154320-0000.flac,2803,TBUS,-5,-4.9947681369421,-3.71779626153345,1.27697187540865
2803-154320-0000.flac,2803,TBUS,0,0.00523186305789569,1.250657645641,1.24542578258311
2803-154320-0000.flac,2803,TBUS,5,5.0052318630579,6.19669316030933,1.19146129725144
2803-154320-0000.flac,2803,TBUS,10,10.0052318630579,11.1173838695779,1.11215200652
3000-15664-0000.flac,3000,TBUS,-5,-4.9900850409787,-0.336754513325348,4.65333052765335
3000-15664-0000.flac,3000,TBUS,0,0.00991495902131835,4.57247496941829,4.56256001039697
3000-15664-0000.flac,3000,TBUS,5,5.00991495902129,9.49630252883235,4.48638756981105
3000-15664-0000.flac,3000,TBUS,10,10.0099149590213,14.3949169477418,4.38500198872053
5694-64038-0000.flac,5694,TBUS,-5,-4.99445590640885,0.947501224592577,5.94195713100142
5694-64038-0000.flac,5694,TBUS,0,0.00554409359117191,5.83054403241327,5.8249999388221
5694-64038-0000.flac,5694,TBUS,5,5.00554409359118,10.6955257099767,5.68998161638552
5694-64038-0000.flac,5694,TBUS,10,10.0055440935912,15.5545316237322,5.54898753014107
777-126732-0000.flac,777,TBUS,-5,-4.9966695667199,0.942364688339463,5.93903425505937
777-126732-0000.flac,777,TBUS,0,0.00333043328011261,5.86164671195918,5.85831627867907
777-126732-0000.flac,777,TBUS,5,5.00333043328014,10.7354578238652,5.73212739058511
777-126732-0000.flac,777,TBUS,10,10.0033304332801,15.6144651806511,5.61113474737104
84-121550-0000.flac,84,TBUS,-5,-4.99979838451992,-1.6097066209018,3.39009176361812
84-121550-0000.flac,84,TBUS,0,0.000201615480078587,3.37139193960581,3.37119032412573
84-121550-0000.flac,84,TBUS,5,5.00020161548008,8.34378230292668,3.3435806874466
84-121550-0000.flac,84,TBUS,10,10.0002016154801,13.2995065137662,3.29930489828607
8842-304647-0000.flac,8842,TBUS,-5,-4.98721209025085,-2.03949836306179,2.94771372718906
8842-304647-0000.flac,8842,TBUS,0,0.0127879097491521,2.95019874543521,2.93741083568606
8842-304647-0000.flac,8842,TBUS,5,5.01278790974915,7.93899985917046,2.92621194942131
8842-304647-0000.flac,8842,TBUS,10,10.0127879097492,12.9253776638915,2.9125897541423
1272-135031-0000.flac,1272,PSTATION,-5,-4.99780292920826,-0.229993799818855,4.7678091293894
1272-135031-0000.flac,1272,PSTATION,0,0.00219707079174098,4.40371610459919,4.40151903380745
1272-135031-0000.flac,1272,PSTATION,5,5.00219707079174,9.04567835237731,4.04348128158557
1272-135031-0000.flac,1272,PSTATION,10,10.0021970707917,13.6081978396049,3.6060007688132
1462-170142-0000.flac,1462,PSTATION,-5,-4.9873507520305,-0.0339372293096923,4.95341352272081
1462-170142-0000.flac,1462,PSTATION,0,0.0126492479694807,4.72969450018195,4.71704525221247
1462-170142-0000.flac,1462,PSTATION,5,5.01264924796947,9.48267544637366,4.47002619840419
1462-170142-0000.flac,1462,PSTATION,10,10.0126492479695,14.1741597522041,4.1615105042346
174-168635-0000.flac,174,PSTATION,-5,-4.99939021960729,-0.195335315255725,4.80405490435156
174-168635-0000.flac,174,PSTATION,0,0.000609780392759679,4.46396909315836,4.4633593127656
174-168635-0000.flac,174,PSTATION,5,5.00060978039271,9.05351937717494,4.05290959678222
174-168635-0000.flac,174,PSTATION,10,10.0006097803928,13.5532307273314,3.55262094693861
251-118436-0000.flac,251,PSTATION,-5,-4.99560136979013,-1.20606501999098,3.78953634979915
251-118436-0000.flac,251,PSTATION,0,0.00439863020987086,3.56277162751618,3.55837299730631
251-118436-0000.flac,251,PSTATION,5,5.00439863020987,8.31542961210284,3.31103098189297
251-118436-0000.flac,251,PSTATION,10,10.0043986302099,13.0575971931342,3.05319856292435
2803-154320-0000.flac,2803,PSTATION,-5,-4.99682916375435,-0.582522113328582,4.41430705042577
2803-154320-0000.flac,2803,PSTATION,0,0.0031708362456486,3.9131318725571,3.90996103631146
2803-154320-0000.flac,2803,PSTATION,5,5.00317083624565,8.41384481906505,3.4106739828194
2803-154320-0000.flac,2803,PSTATION,10,10.0031708362457,12.9253324685994,2.92216163235379
3000-15664-0000.flac,3000,PSTATION,-5,-4.98657908365934,-1.50508619065041,3.48149289300893
3000-15664-0000.flac,3000,PSTATION,0,0.0134209163408052,3.14701646723644,3.13359555089564
3000-15664-0000.flac,3000,PSTATION,5,5.01342091634088,7.85203436599886,2.83861344965798
3000-15664-0000.flac,3000,PSTATION,10,10.0134209163408,12.5808020507833,2.56738113444251
5694-64038-0000.flac,5694,PSTATION,-5,-4.97402901730063,-0.972686125527563,4.00134289177307
5694-64038-0000.flac,5694,PSTATION,0,0.0259709826993764,3.77950027458164,3.75352929188227
5694-64038-0000.flac,5694,PSTATION,5,5.02597098269939,8.52287878041743,3.49690779771804
5694-64038-0000.flac,5694,PSTATION,10,10.0259709826994,13.1900105977678,3.16403961506837
777-126732-0000.flac,777,PSTATION,-5,-4.99636084976751,-0.508162305687387,4.48819854408012
777-126732-0000.flac,777,PSTATION,0,0.00363915023248528,4.19405062285747,4.19041147262498
777-126732-0000.flac,777,PSTATION,5,5.0036391502325,8.82337189345505,3.81973274322255
777-126732-0000.flac,777,PSTATION,10,10.0036391502325,13.4391330263286,3.43549387609604
84-121550-0000.flac,84,PSTATION,-5,-4.99951176961474,-0.129841704657156,4.86967006495758
84-121550-0000.flac,84,PSTATION,0,0.000488230385259136,4.69633087910426,4.695842648719
84-121550-0000.flac,84,PSTATION,5,5.00048823038526,9.47744470938363,4.47695647899837
84-121550-0000.flac,84,PSTATION,10,10.0004882303853,14.1851640996649,4.1846758692796
8842-304647-0000.flac,8842,PSTATION,-5,-4.99457091410614,0.0304210725540239,5.02499198666016
8842-304647-0000.flac,8842,PSTATION,0,0.00542908589385843,4.83804902341674,4.83261993752289
8842-304647-0000.flac,8842,PSTATION,5,5.00542908589386,9.62382789952421,4.61839881363035
8842-304647-0000.flac,8842,PSTATION,10,10.0054290858939,14.3899280417538,4.38449895585996
