File,Speaker,Noise,Input_SNR_dB,Cosine_Clean_Noisy,Cosine_Clean_Wiener,D_noisy,D_wiener,R_emb
1272-135031-0000,1272,DKITCHEN,-5,0.7554303407669067,0.7046850323677063,0.24456965923309326,0.2953149676322937,-0.05074530839920044
1462-170142-0000,1462,DKITCHEN,-5,0.6084650158882141,0.5570694208145142,0.3915349841117859,0.44293057918548584,-0.05139559507369995
174-168635-0000,174,DKITCHEN,-5,0.6736629009246826,0.6636646389961243,0.3263370990753174,0.33633536100387573,-0.00999826192855835
251-118436-0000,251,DKITCHEN,-5,0.5451098680496216,0.5252234935760498,0.4548901319503784,0.4747765064239502,-0.019886374473571777
2803-154320-0000,2803,DKITCHEN,-5,0.6455733180046082,0.5676840543746948,0.35442668199539185,0.4323159456253052,-0.07788926362991333
3000-15664-0000,3000,DKITCHEN,-5,0.5952879190444946,0.5669264793395996,0.40471208095550537,0.4330735206604004,-0.02836143970489502
5694-64038-0000,5694,DKITCHEN,-5,0.7342185378074646,0.6349415183067322,0.2657814621925354,0.3650584816932678,-0.09927701950073242
777-126732-0000,777,DKITCHEN,-5,0.7509633302688599,0.7268593311309814,0.24903666973114014,0.27314066886901855,-0.024103999137878418
84-121550-0000,84,DKITCHEN,-5,0.6352883577346802,0.5240089297294617,0.3647116422653198,0.47599107027053833,-0.1112794280052185
8842-304647-0000,8842,DKITCHEN,-5,0.5858559012413025,0.5557960867881775,0.4141440987586975,0.4442039132118225,-0.030059814453125
1272-135031-0000,1272,DKITCHEN,0,0.8481520414352417,0.8132224678993225,0.1518479585647583,0.1867775321006775,-0.03492957353591919
1462-170142-0000,1462,DKITCHEN,0,0.699855625629425,0.6272200345993042,0.30014437437057495,0.3727799654006958,-0.07263559103012085
174-168635-0000,174,DKITCHEN,0,0.73312908411026,0.7205374240875244,0.26687091588974,0.2794625759124756,-0.012591660022735596
251-118436-0000,251,DKITCHEN,0,0.6177577376365662,0.6226122379302979,0.38224226236343384,0.37738776206970215,0.0048545002937316895
2803-154320-0000,2803,DKITCHEN,0,0.7204117178916931,0.641995906829834,0.2795882821083069,0.358004093170166,-0.07841581106185913
3000-15664-0000,3000,DKITCHEN,0,0.6332350969314575,0.6320059895515442,0.3667649030685425,0.3679940104484558,-0.00122910737991333
5694-64038-0000,5694,DKITCHEN,0,0.80769944190979,0.7588291168212891,0.19230055809020996,0.24117088317871094,-0.04887032508850098
777-126732-0000,777,DKITCHEN,0,0.8175798058509827,0.8185407519340515,0.18242019414901733,0.1814592480659485,0.0009609460830688477
84-121550-0000,84,DKITCHEN,0,0.7552975416183472,0.6701521277427673,0.24470245838165283,0.32984787225723267,-0.08514541387557983
8842-304647-0000,8842,DKITCHEN,0,0.6976594924926758,0.6650598645210266,0.3023405075073242,0.3349401354789734,-0.03259962797164917
1272-135031-0000,1272,DKITCHEN,5,0.9035557508468628,0.8778045177459717,0.09644424915313721,0.12219548225402832,-0.025751233100891113
1462-170142-0000,1462,DKITCHEN,5,0.7603362798690796,0.7062944173812866,0.2396637201309204,0.2937055826187134,-0.05404186248779297
174-168635-0000,174,DKITCHEN,5,0.8034635782241821,0.7911838889122009,0.19653642177581787,0.20881611108779907,-0.012279689311981201
251-118436-0000,251,DKITCHEN,5,0.692599356174469,0.722240686416626,0.307400643825531,0.277759313583374,0.029641330242156982
2803-154320-0000,2803,DKITCHEN,5,0.8053867220878601,0.7405128479003906,0.1946132779121399,0.2594871520996094,-0.06487387418746948
3000-15664-0000,3000,DKITCHEN,5,0.7105774879455566,0.7235312461853027,0.28942251205444336,0.27646875381469727,0.012953758239746094
5694-64038-0000,5694,DKITCHEN,5,0.8633743524551392,0.8462331295013428,0.13662564754486084,0.15376687049865723,-0.017141222953796387
777-126732-0000,777,DKITCHEN,5,0.8603739738464355,0.8799765706062317,0.13962602615356445,0.12002342939376831,0.019602596759796143
84-121550-0000,84,DKITCHEN,5,0.8345872759819031,0.8099967837333679,0.16541272401809692,0.19000321626663208,-0.024590492248535156
8842-304647-0000,8842,DKITCHEN,5,0.7812181115150452,0.760736346244812,0.21878188848495483,0.239263653755188,-0.020481765270233154
1272-135031-0000,1272,DKITCHEN,10,0.9436427354812622,0.9217987656593323,0.05635726451873779,0.07820123434066772,-0.02184396982192993
1462-170142-0000,1462,DKITCHEN,10,0.8160299062728882,0.7793697118759155,0.18397009372711182,0.22063028812408447,-0.036660194396972656
174-168635-0000,174,DKITCHEN,10,0.848587691783905,0.8521106243133545,0.15141230821609497,0.1478893756866455,0.003522932529449463
251-118436-0000,251,DKITCHEN,10,0.7794497609138489,0.8040643930435181,0.22055023908615112,0.19593560695648193,0.02461463212966919
2803-154320-0000,2803,DKITCHEN,10,0.8736786246299744,0.8209762573242188,0.12632137537002563,0.17902374267578125,-0.052702367305755615
3000-15664-0000,3000,DKITCHEN,10,0.7760725617408752,0.7851102352142334,0.22392743825912476,0.2148897647857666,0.009037673473358154
5694-64038-0000,5694,DKITCHEN,10,0.9002248644828796,0.8886598348617554,0.09977513551712036,0.11134016513824463,-0.011565029621124268
777-126732-0000,777,DKITCHEN,10,0.8894688487052917,0.9164490103721619,0.11053115129470825,0.08355098962783813,0.026980161666870117
84-121550-0000,84,DKITCHEN,10,0.8754357695579529,0.8811917901039124,0.12456423044204712,0.11880820989608765,0.005756020545959473
8842-304647-0000,8842,DKITCHEN,10,0.8453630805015564,0.8374369740486145,0.1546369194984436,0.1625630259513855,-0.007926106452941895
1272-135031-0000,1272,TBUS,-5,0.9170570969581604,0.8822107911109924,0.0829429030418396,0.11778920888900757,-0.03484630584716797
1462-170142-0000,1462,TBUS,-5,0.6308038830757141,0.5853267312049866,0.3691961169242859,0.4146732687950134,-0.04547715187072754
174-168635-0000,174,TBUS,-5,0.6368890404701233,0.5981644988059998,0.3631109595298767,0.40183550119400024,-0.038724541664123535
251-118436-0000,251,TBUS,-5,0.7216137647628784,0.6588346362113953,0.2783862352371216,0.34116536378860474,-0.06277912855148315
2803-154320-0000,2803,TBUS,-5,0.7628227472305298,0.6970666646957397,0.23717725276947021,0.30293333530426025,-0.06575608253479004
3000-15664-0000,3000,TBUS,-5,0.5387343764305115,0.5703082084655762,0.4612656235694885,0.42969179153442383,0.0315738320350647
5694-64038-0000,5694,TBUS,-5,0.7827873229980469,0.7489339709281921,0.21721267700195312,0.25106602907180786,-0.033853352069854736
777-126732-0000,777,TBUS,-5,0.6788625717163086,0.6086928844451904,0.3211374282836914,0.39130711555480957,-0.07016968727111816
84-121550-0000,84,TBUS,-5,0.8235926628112793,0.7900410294532776,0.1764073371887207,0.2099589705467224,-0.03355163335800171
8842-304647-0000,8842,TBUS,-5,0.7667912840843201,0.723521888256073,0.23320871591567993,0.276478111743927,-0.04326939582824707
1272-135031-0000,1272,TBUS,0,0.9535568952560425,0.9339490532875061,0.04644310474395752,0.0660509467124939,-0.019607841968536377
1462-170142-0000,1462,TBUS,0,0.7615594863891602,0.6639723777770996,0.23844051361083984,0.3360276222229004,-0.09758710861206055
174-168635-0000,174,TBUS,0,0.7382253408432007,0.7183371782302856,0.2617746591567993,0.28166282176971436,-0.01988816261291504
251-118436-0000,251,TBUS,0,0.7951553463935852,0.760100245475769,0.2048446536064148,0.23989975452423096,-0.03505510091781616
2803-154320-0000,2803,TBUS,0,0.8581156134605408,0.8201139569282532,0.14188438653945923,0.17988604307174683,-0.0380016565322876
3000-15664-0000,3000,TBUS,0,0.6950345039367676,0.7223673462867737,0.3049654960632324,0.2776326537132263,0.027332842350006104
5694-64038-0000,5694,TBUS,0,0.856586754322052,0.8155843615531921,0.143413245677948,0.18441563844680786,-0.04100239276885986
777-126732-0000,777,TBUS,0,0.798736035823822,0.7762279510498047,0.20126396417617798,0.2237720489501953,-0.022508084774017334
84-121550-0000,84,TBUS,0,0.8998103141784668,0.8755393028259277,0.1001896858215332,0.12446069717407227,-0.024271011352539062
8842-304647-0000,8842,TBUS,0,0.8482048511505127,0.8212867975234985,0.1517951488494873,0.17871320247650146,-0.02691805362701416
1272-135031-0000,1272,TBUS,5,0.9752855896949768,0.9645399451255798,0.024714410305023193,0.035460054874420166,-0.010745644569396973
1462-170142-0000,1462,TBUS,5,0.8498104810714722,0.7968959808349609,0.15018951892852783,0.20310401916503906,-0.05291450023651123
174-168635-0000,174,TBUS,5,0.8485335111618042,0.8405864834785461,0.1514664888381958,0.15941351652145386,-0.007947027683258057
251-118436-0000,251,TBUS,5,0.8545218110084534,0.8391199707984924,0.14547818899154663,0.16088002920150757,-0.015401840209960938
2803-154320-0000,2803,TBUS,5,0.9238824248313904,0.89933180809021,0.07611757516860962,0.10066819190979004,-0.02455061674118042
3000-15664-0000,3000,TBUS,5,0.7860597372055054,0.8142027854919434,0.21394026279449463,0.18579721450805664,0.02814304828643799
5694-64038-0000,5694,TBUS,5,0.8878816962242126,0.864180326461792,0.11211830377578735,0.135819673538208,-0.023701369762420654
777-126732-0000,777,TBUS,5,0.8882567286491394,0.8758495450019836,0.1117432713508606,0.12415045499801636,-0.012407183647155762
84-121550-0000,84,TBUS,5,0.9487193822860718,0.9352251887321472,0.05128061771392822,0.06477481126785278,-0.01349419355392456
8842-304647-0000,8842,TBUS,5,0.8868899941444397,0.8775908946990967,0.1131100058555603,0.12240910530090332,-0.009299099445343018
1272-135031-0000,1272,TBUS,10,0.9878770112991333,0.9842110276222229,0.0121229887008667,0.0157889723777771,-0.0036659836769104004
1462-170142-0000,1462,TBUS,10,0.9212133288383484,0.8845192193984985,0.07878667116165161,0.11548078060150146,-0.036694109439849854
174-168635-0000,174,TBUS,10,0.9122169017791748,0.8927257061004639,0.0877830982208252,0.10727429389953613,-0.019491195678710938
251-118436-0000,251,TBUS,10,0.9004935026168823,0.9024426341056824,0.09950649738311768,0.09755736589431763,0.0019491314888000488
2803-154320-0000,2803,TBUS,10,0.9597204327583313,0.9452378749847412,0.0402795672416687,0.05476212501525879,-0.014482557773590088
3000-15664-0000,3000,TBUS,10,0.8424442410469055,0.8697335124015808,0.15755575895309448,0.1302664875984192,0.027289271354675293
5694-64038-0000,5694,TBUS,10,0.9088886380195618,0.8978516459465027,0.09111136198043823,0.10214835405349731,-0.011036992073059082
777-126732-0000,777,TBUS,10,0.9339169263839722,0.9265024662017822,0.06608307361602783,0.07349753379821777,-0.007414460182189941
84-121550-0000,84,TBUS,10,0.9741201400756836,0.9666820168495178,0.025879859924316406,0.03331798315048218,-0.0074381232261657715
8842-304647-0000,8842,TBUS,10,0.9140275716781616,0.9037359952926636,0.08597242832183838,0.09626400470733643,-0.010291576385498047
1272-135031-0000,1272,PSTATION,-5,0.6818156242370605,0.5229683518409729,0.31818437576293945,0.4770316481590271,-0.15884727239608765
1462-170142-0000,1462,PSTATION,-5,0.4744615852832794,0.478981614112854,0.5255384147167206,0.521018385887146,0.004520028829574585
174-168635-0000,174,PSTATION,-5,0.6077134013175964,0.5433615446090698,0.39228659868240356,0.4566384553909302,-0.06435185670852661
251-118436-0000,251,PSTATION,-5,0.5766620635986328,0.6005347371101379,0.4233379364013672,0.39946526288986206,0.023872673511505127
2803-154320-0000,2803,PSTATION,-5,0.579059898853302,0.5240378975868225,0.420940101146698,0.4759621024131775,-0.05502200126647949
3000-15664-0000,3000,PSTATION,-5,0.44250234961509705,0.4812255799770355,0.557497650384903,0.5187744200229645,0.03872323036193848
5694-64038-0000,5694,PSTATION,-5,0.7375220656394958,0.6491650938987732,0.26247793436050415,0.3508349061012268,-0.08835697174072266
777-126732-0000,777,PSTATION,-5,0.5682601928710938,0.507358729839325,0.43173980712890625,0.49264127016067505,-0.0609014630317688
84-121550-0000,84,PSTATION,-5,0.7311704754829407,0.6703602075576782,0.2688295245170593,0.3296397924423218,-0.06081026792526245
8842-304647-0000,8842,PSTATION,-5,0.505565345287323,0.5553595423698425,0.494434654712677,0.44464045763015747,0.04979419708251953
1272-135031-0000,1272,PSTATION,0,0.8337392210960388,0.7434626221656799,0.16626077890396118,0.25653737783432007,-0.09027659893035889
1462-170142-0000,1462,PSTATION,0,0.666580319404602,0.694267213344574,0.33341968059539795,0.305732786655426,0.027686893939971924
174-168635-0000,174,PSTATION,0,0.7688480615615845,0.6959933638572693,0.23115193843841553,0.3040066361427307,-0.07285469770431519
251-118436-0000,251,PSTATION,0,0.7002357840538025,0.681683361530304,0.2997642159461975,0.31831663846969604,-0.018552422523498535
2803-154320-0000,2803,PSTATION,0,0.7417792677879333,0.7008631825447083,0.25822073221206665,0.29913681745529175,-0.0409160852432251
3000-15664-0000,3000,PSTATION,0,0.6248589754104614,0.632761538028717,0.3751410245895386,0.36723846197128296,0.007902562618255615
5694-64038-0000,5694,PSTATION,0,0.8122694492340088,0.7545706033706665,0.1877305507659912,0.2454293966293335,-0.057698845863342285
777-126732-0000,777,PSTATION,0,0.7628858089447021,0.6834625601768494,0.23711419105529785,0.31653743982315063,-0.07942324876785278
84-121550-0000,84,PSTATION,0,0.8316251039505005,0.7618306875228882,0.1683748960494995,0.23816931247711182,-0.0697944164276123
8842-304647-0000,8842,PSTATION,0,0.6975633502006531,0.713344156742096,0.3024366497993469,0.28665584325790405,0.01578080654144287
1272-135031-0000,1272,PSTATION,5,0.9026879072189331,0.8576984405517578,0.0973120927810669,0.1423015594482422,-0.04498946666717529
1462-170142-0000,1462,PSTATION,5,0.7690113186836243,0.8157241940498352,0.23098868131637573,0.1842758059501648,0.04671287536621094
174-168635-0000,174,PSTATION,5,0.8471059203147888,0.793907105922699,0.15289407968521118,0.20609289407730103,-0.053198814392089844
251-118436-0000,251,PSTATION,5,0.8195434808731079,0.8163648843765259,0.1804565191268921,0.18363511562347412,-0.0031785964965820312
2803-154320-0000,2803,PSTATION,5,0.8422670960426331,0.8129873275756836,0.15773290395736694,0.1870126724243164,-0.029279768466949463
3000-15664-0000,3000,PSTATION,5,0.7526183128356934,0.7431989312171936,0.24738168716430664,0.2568010687828064,-0.009419381618499756
5694-64038-0000,5694,PSTATION,5,0.8530348539352417,0.8195483684539795,0.1469651460647583,0.1804516315460205,-0.03348648548126221
777-126732-0000,777,PSTATION,5,0.8469688892364502,0.8179022073745728,0.1530311107635498,0.18209779262542725,-0.02906668186187744
84-121550-0000,84,PSTATION,5,0.8988783359527588,0.8710290193557739,0.10112166404724121,0.12897098064422607,-0.027849316596984863
8842-304647-0000,8842,PSTATION,5,0.813362181186676,0.7925079464912415,0.18663781881332397,0.20749205350875854,-0.02085423469543457
1272-135031-0000,1272,PSTATION,10,0.946955680847168,0.9219780564308167,0.05304431915283203,0.07802194356918335,-0.02497762441635132
1462-170142-0000,1462,PSTATION,10,0.8682183623313904,0.8722778558731079,0.13178163766860962,0.1277221441268921,0.004059493541717529
174-168635-0000,174,PSTATION,10,0.9080062508583069,0.8726703524589539,0.09199374914169312,0.12732964754104614,-0.03533589839935303
251-118436-0000,251,PSTATION,10,0.883413553237915,0.8885018825531006,0.11658644676208496,0.11149811744689941,0.005088329315185547
2803-154320-0000,2803,PSTATION,10,0.9082860946655273,0.8887583613395691,0.09171390533447266,0.11124163866043091,-0.019527733325958252
3000-15664-0000,3000,PSTATION,10,0.8265072107315063,0.8285753130912781,0.17349278926849365,0.17142468690872192,0.0020681023597717285
5694-64038-0000,5694,PSTATION,10,0.889336109161377,0.8713792562484741,0.11066389083862305,0.12862074375152588,-0.017956852912902832
777-126732-0000,777,PSTATION,10,0.8968912959098816,0.8913751244544983,0.10310870409011841,0.10862487554550171,-0.005516171455383301
84-121550-0000,84,PSTATION,10,0.9389534592628479,0.919193685054779,0.0610465407371521,0.08080631494522095,-0.019759774208068848
8842-304647-0000,8842,PSTATION,10,0.8769769668579102,0.8582834601402283,0.12302303314208984,0.14171653985977173,-0.018693506717681885
