Noise,Input_SNR_dB,Cosine_Clean_Noisy,Cosine_Clean_Wiener,D_noisy,D_wiener,R_emb
DKITCHEN,-5,0.6529855489730835,0.6026858985424042,0.3470144510269165,0.3973141014575958,-0.05029965043067932
DKITCHEN,0,0.7330777585506439,0.6970175921916961,0.26692224144935606,0.3029824078083038,-0.03606016635894775
DKITCHEN,5,0.8015472888946533,0.7858510434627533,0.19845271110534668,0.2141489565372467,-0.015696245431900024
DKITCHEN,10,0.8547953844070435,0.8487167596817017,0.14520461559295655,0.15128324031829835,-0.0060786247253417965
PSTATION,-5,0.5904733002185821,0.5533353298902511,0.40952669978141787,0.44666467010974886,-0.037137970328330994
PSTATION,0,0.7440385341644287,0.7062239289283753,0.2559614658355713,0.29377607107162473,-0.03781460523605347
PSTATION,5,0.8345478296279907,0.8140868425369263,0.16545217037200927,0.18591315746307374,-0.020460987091064455
PSTATION,10,0.894354498386383,0.8812993347644806,0.10564550161361694,0.1187006652355194,-0.013055163621902465
TBUS,-5,0.7259954750537873,0.6863101303577424,0.27400452494621275,0.3136898696422577,-0.03968534469604492
TBUS,0,0.8204985141754151,0.790747857093811,0.17950148582458497,0.20925214290618896,-0.029750657081604005
TBUS,5,0.8849841356277466,0.8707522928714753,0.11501586437225342,0.1292477071285248,-0.014231842756271363
TBUS,10,0.9254918694496155,0.9173642098903656,0.07450813055038452,0.0826357901096344,-0.008127659559249878
